City_ID,City,Country,Date,Lat,Lng,Max Temp,Humidity,Cloudiness,Wind Speed
0,Busselton,AU,2022-10-05 19:58:08,-33.65,115.3333,48.6,63,12,8.5
1,Bredasdorp,ZA,2022-10-05 19:58:09,-34.5322,20.0403,51.37,90,0,5.28
2,Nizwa,OM,2022-10-05 19:54:23,22.9333,57.5333,80.44,44,9,1.03
3,Acandi,CO,2022-10-05 19:58:09,8.5063,-77.2778,82.92,84,98,0.98
4,West Richland,US,2022-10-05 19:58:10,46.3043,-119.3614,79.77,46,40,0.0
5,Bud,US,2022-10-05 19:58:10,39.447,-86.1758,78.85,30,46,3.4
6,Plettenberg Bay,ZA,2022-10-05 19:58:10,-34.0527,23.3716,55.44,86,100,4.0
7,Ushuaia,AR,2022-10-05 19:58:11,-54.8,-68.3,51.46,43,40,11.5
8,Butaritari,KI,2022-10-05 19:58:11,3.0707,172.7902,81.79,71,9,20.27
9,Dunmore Town,BS,2022-10-05 19:58:12,25.5,-76.65,81.03,70,18,9.33
10,Qaanaaq,GL,2022-10-05 19:58:12,77.484,-69.3632,6.98,73,50,7.72
11,Kapaa,US,2022-10-05 19:53:19,22.0752,-159.319,80.1,83,9,1.99
12,Yokadouma,CM,2022-10-05 19:58:13,3.5167,15.05,69.93,98,98,1.28
13,Cherskiy,RU,2022-10-05 19:58:13,68.75,161.3,22.93,78,100,8.25
14,Albany,US,2022-10-05 19:58:14,42.6001,-73.9662,64.89,80,98,3.78
15,Sambava,MG,2022-10-05 19:58:14,-14.2667,50.1667,68.85,90,5,10.42
16,Nautla,MX,2022-10-05 19:58:15,20.2167,-96.7833,78.57,83,57,6.69
17,San Cristobal,VE,2022-10-05 19:58:15,7.7669,-72.225,80.78,86,100,1.05
18,Iesolo,IT,2022-10-05 19:58:15,45.5331,12.6448,64.26,77,100,5.19
19,Tiarei,PF,2022-10-05 19:58:16,-17.5333,-149.3333,82.42,73,3,26.66
20,Rikitea,PF,2022-10-05 19:58:16,-23.1203,-134.9692,69.01,64,0,22.28
21,Marawi,PH,2022-10-05 19:58:16,7.9986,124.2928,68.47,91,100,0.47
22,Punta Arenas,CL,2022-10-05 19:53:49,-53.15,-70.9167,53.71,43,75,16.11
23,Sayyan,YE,2022-10-05 19:58:17,15.1718,44.3244,62.6,36,33,8.84
24,Calatayud,ES,2022-10-05 19:58:18,41.3535,-1.6432,66.83,54,0,4.79
25,Olga,RU,2022-10-05 19:58:18,43.7444,135.2892,32.81,61,4,6.33
26,Whitehorse,CA,2022-10-05 19:58:19,60.7161,-135.0538,49.01,65,75,15.01
27,Akyab,MM,2022-10-05 19:58:19,20.15,92.9,79.75,83,29,4.16
28,Yellowknife,CA,2022-10-05 19:58:19,62.456,-114.3525,37.92,65,75,12.66
29,Asfi,MA,2022-10-05 19:58:20,32.2994,-9.2372,70.07,81,98,15.12
30,Atuona,PF,2022-10-05 19:58:20,-9.8,-139.0333,77.31,71,1,14.99
31,Porto Torres,IT,2022-10-05 19:58:21,40.835,8.3972,66.38,72,0,2.86
32,Barrow,US,2022-10-05 19:58:21,71.2906,-156.7887,31.37,89,13,17.07
33,Saint George,US,2022-10-05 19:57:28,37.1041,-113.5841,86.43,23,0,1.99
34,Cape Town,ZA,2022-10-05 19:56:21,-33.9258,18.4232,59.88,63,0,5.01
35,Hobart,AU,2022-10-05 19:58:22,-42.8794,147.3294,50.25,81,75,13.8
36,Griffith,US,2022-10-05 19:58:22,41.5284,-87.4237,79.25,27,0,6.91
37,Vaini,TO,2022-10-05 19:58:22,-21.2,-175.2,76.48,87,100,13.56
38,Montevideo,UY,2022-10-05 19:58:23,-34.8335,-56.1674,68.02,74,40,14.97
39,Nayoro,JP,2022-10-05 19:58:23,44.3506,142.4578,40.68,96,100,5.97
40,Saskylakh,RU,2022-10-05 19:58:24,71.9167,114.0833,4.24,98,81,4.56
41,Guarapari,BR,2022-10-05 19:56:06,-20.6667,-40.4975,75.88,90,77,4.05
42,Bluff,NZ,2022-10-05 19:58:24,-46.6,168.3333,38.8,69,94,22.03
43,Westport,US,2022-10-05 19:58:15,41.1415,-73.3579,62.31,90,100,10.36
44,Georgetown,MY,2022-10-05 19:56:20,5.4112,100.3354,77.9,97,40,2.3
45,Victoria,HK,2022-10-05 19:53:54,22.2855,114.1577,83.32,79,41,11.01
46,Tasiilaq,GL,2022-10-05 19:59:25,65.6145,-37.6368,21.74,62,72,5.26
47,Kodiak,US,2022-10-05 19:59:26,57.79,-152.4072,53.11,87,100,20.71
48,Arraial Do Cabo,BR,2022-10-05 19:59:26,-22.9661,-42.0278,71.46,78,100,10.36
49,Talnakh,RU,2022-10-05 19:59:26,69.4865,88.3972,23.49,93,87,3.38
50,East London,ZA,2022-10-05 19:59:27,-33.0153,27.9116,65.91,82,100,9.78
51,Mataura,NZ,2022-10-05 19:59:27,-46.1927,168.8643,38.48,89,100,8.08
52,Souillac,MU,2022-10-05 19:57:21,-20.5167,57.5167,71.98,73,40,8.05
53,Chicama,PE,2022-10-05 19:59:27,-7.8447,-79.1469,63.14,60,100,10.65
54,Port Alfred,ZA,2022-10-05 19:59:28,-33.5906,26.891,62.19,89,93,5.01
55,Mount Gambier,AU,2022-10-05 19:57:15,-37.8333,140.7667,57.11,94,100,10.36
56,Cockburn Town,TC,2022-10-05 19:59:28,21.4612,-71.1419,83.88,67,45,5.55
57,Khatanga,RU,2022-10-05 19:59:29,71.9667,102.5,6.4,99,84,3.0
58,Samana,DO,2022-10-05 19:59:29,19.2056,-69.3369,87.76,79,75,6.91
59,Columbia,US,2022-10-05 19:55:32,34.0007,-81.0348,78.51,33,20,9.22
60,Luderitz,NA,2022-10-05 19:59:29,-26.6481,15.1594,56.48,77,19,18.19
61,Kupang,ID,2022-10-05 19:59:30,-10.1667,123.5833,78.04,85,100,5.95
62,Mao,ES,2022-10-05 19:59:15,39.8885,4.2658,70.36,73,20,4.61
63,Hobyo,SO,2022-10-05 19:59:30,5.3505,48.5268,77.11,87,51,19.91
64,Ahipara,NZ,2022-10-05 19:59:31,-35.1667,173.1667,53.11,67,99,19.24
65,Dzhebariki-Khaya,RU,2022-10-05 19:59:31,62.2167,135.8,5.85,97,35,1.45
66,Araouane,ML,2022-10-05 19:59:31,18.9048,-3.5265,96.17,22,47,7.23
67,Hamilton,US,2022-10-05 19:59:32,39.1834,-84.5333,78.15,30,75,3.0
68,Suraabad,AZ,2022-10-05 19:59:32,40.8192,49.4687,69.66,75,0,13.06
69,Poso,ID,2022-10-05 19:59:32,-1.3959,120.7524,76.33,87,100,3.42
70,New Norfolk,AU,2022-10-05 19:59:33,-42.7826,147.0587,49.91,69,100,1.99
71,Rocha,UY,2022-10-05 19:59:33,-34.4833,-54.3333,65.25,63,90,13.76
72,Baykit,RU,2022-10-05 19:58:09,61.67,96.37,30.74,98,100,2.75
73,Yumen,CN,2022-10-05 19:59:34,40.2833,97.2,41.09,58,6,4.18
74,Hue,VN,2022-10-05 19:56:10,16.4667,107.6,77.11,94,40,2.3
75,Port Elizabeth,ZA,2022-10-05 19:59:34,-33.918,25.5701,61.32,85,40,9.22
76,Hermanus,ZA,2022-10-05 19:59:34,-34.4187,19.2345,55.8,81,0,12.68
77,Luganville,VU,2022-10-05 19:59:35,-15.5333,167.1667,78.39,83,98,11.27
78,Lebu,CL,2022-10-05 19:59:35,-37.6167,-73.65,54.59,69,100,9.84
79,Norman Wells,CA,2022-10-05 19:59:36,65.282,-126.8329,42.84,75,40,13.8
80,Severo-Kurilsk,RU,2022-10-05 19:54:40,50.6789,156.125,42.53,63,65,17.34
81,Vila Franca Do Campo,PT,2022-10-05 19:59:36,37.7167,-25.4333,71.2,88,98,9.42
82,Rawson,AR,2022-10-05 19:59:37,-43.3002,-65.1023,69.42,26,3,23.6
83,Calvinia,ZA,2022-10-05 19:59:37,-31.4707,19.776,52.7,47,100,3.53
84,General Roca,AR,2022-10-05 19:59:38,-39.0333,-67.5833,72.63,16,0,17.11
85,Lavrentiya,RU,2022-10-05 19:59:38,65.5833,-171.0,38.43,90,100,23.24
86,Saint-Pierre,RE,2022-10-05 19:59:38,-21.3393,55.4781,69.48,68,0,5.75
87,Mar Del Plata,AR,2022-10-05 19:54:40,-38.0023,-57.5575,60.82,88,100,10.36
88,Castro,BR,2022-10-05 19:59:39,-24.7911,-50.0119,72.81,70,100,2.24
89,Buin,CL,2022-10-05 19:59:39,-33.7333,-70.75,66.52,50,92,9.33
90,Dongning,CN,2022-10-05 19:59:39,44.0622,131.1207,30.81,69,0,4.56
91,Carnarvon,AU,2022-10-05 20:00:40,-24.8667,113.6333,62.92,61,21,23.67
92,Port Macquarie,AU,2022-10-05 20:00:40,-31.4333,152.9167,56.89,93,100,5.08
93,Yar-Sale,RU,2022-10-05 20:00:40,66.8333,70.8333,33.03,90,26,8.81
94,Avera,US,2022-10-05 20:00:41,33.194,-82.5271,79.56,20,0,5.32
95,Kotri,PK,2022-10-05 20:00:41,25.366,68.3122,83.82,55,0,12.77
96,Longyearbyen,SJ,2022-10-05 19:58:29,78.2186,15.6401,40.84,70,20,18.41
97,Halmstad,SE,2022-10-05 20:00:42,56.6745,12.8568,59.2,77,100,24.16
98,Mahibadhoo,MV,2022-10-05 20:00:42,3.7833,72.9667,81.32,78,100,18.92
99,Koronowo,PL,2022-10-05 19:59:02,53.3137,17.937,55.44,100,98,9.1
100,Clyde River,CA,2022-10-05 20:00:43,70.4692,-68.5914,25.92,83,99,19.42
101,Jamestown,US,2022-10-05 20:00:44,42.097,-79.2353,68.02,41,8,4.0
102,Igarka,RU,2022-10-05 20:00:44,67.4667,86.5833,29.37,91,98,8.28
103,Kalabo,ZM,2022-10-05 20:00:45,-14.97,22.6814,76.68,18,98,5.41
104,Chuy,UY,2022-10-05 20:00:45,-33.6971,-53.4616,63.72,67,90,13.53
105,Tosya,TR,2022-10-05 20:00:46,41.0155,34.0401,51.64,86,20,5.68
106,Kudahuvadhoo,MV,2022-10-05 20:00:46,2.6708,72.8944,81.01,78,100,17.74
107,Kaitangata,NZ,2022-10-05 20:00:46,-46.2817,169.8464,36.95,83,100,14.29
108,Ancud,CL,2022-10-05 20:00:47,-41.8697,-73.8203,48.42,92,100,25.64
109,Cidreira,BR,2022-10-05 20:00:47,-30.1811,-50.2056,64.4,76,54,16.75
110,Port Hueneme,US,2022-10-05 20:00:48,34.1478,-119.1951,92.07,75,20,9.22
111,Nelson Bay,AU,2022-10-05 20:00:49,-32.7167,152.15,62.01,97,100,4.0
112,Ilulissat,GL,2022-10-05 20:00:49,69.2167,-51.1,26.62,63,20,1.14
113,Bethel,US,2022-10-05 20:00:49,41.3712,-73.414,62.42,86,100,1.01
114,Hambantota,LK,2022-10-05 20:00:50,6.1241,81.1185,78.64,81,100,16.58
115,Aklavik,CA,2022-10-05 20:00:50,68.2191,-135.0107,32.67,89,100,14.05
116,Sibolga,ID,2022-10-05 20:00:51,1.7427,98.7792,74.98,87,100,1.79
117,Tuatapere,NZ,2022-10-05 20:00:51,-46.1333,167.6833,38.01,85,100,14.56
118,Bilibino,RU,2022-10-05 20:00:52,68.0546,166.4372,21.13,88,100,7.61
119,Ajdabiya,LY,2022-10-05 20:00:53,30.7554,20.2263,77.29,44,0,10.74
120,Gat,IL,2022-10-05 20:00:53,31.61,34.7642,75.88,100,0,4.32
121,Provideniya,RU,2022-10-05 20:00:54,64.3833,-173.3,39.87,96,100,15.73
122,Lucapa,AO,2022-10-05 20:00:54,-8.4192,20.7447,66.52,86,100,5.55
123,San Isidro,PE,2022-10-05 20:00:54,-12.1167,-77.05,62.94,73,52,13.0
124,Dedza,MW,2022-10-05 20:00:55,-14.3779,34.3332,65.55,24,0,3.42
125,Kieta,PG,2022-10-05 20:00:55,-6.2167,155.6333,78.76,84,80,6.13
126,Birin,NP,2022-10-05 20:00:56,26.8865,88.0718,60.73,90,100,3.18
127,Seoul,KR,2022-10-05 20:00:00,37.5683,126.9778,58.39,85,75,4.61
128,Pudozh,RU,2022-10-05 20:00:57,61.8099,36.5345,40.75,94,15,2.42
129,Saldanha,ZA,2022-10-05 20:00:57,-33.0117,17.9442,57.52,77,1,9.28
130,Wanning,CN,2022-10-05 20:00:58,18.8003,110.3967,79.23,86,68,6.89
131,Acapulco,MX,2022-10-05 19:57:08,16.8634,-99.8901,87.62,66,40,6.91
132,Duki,PK,2022-10-05 20:00:59,30.1541,68.5728,73.2,29,0,8.19
133,Antofagasta,CL,2022-10-05 20:00:59,-23.65,-70.4,61.88,61,0,9.8
134,Isla Mujeres,MX,2022-10-05 20:01:00,21.2311,-86.731,86.16,52,15,9.35
135,Bahia Honda,CU,2022-10-05 20:02:00,22.9036,-83.1592,81.99,63,11,9.06
136,Mahebourg,MU,2022-10-05 20:01:08,-20.4081,57.7,71.89,73,20,8.05
137,Mamburao,PH,2022-10-05 20:02:01,13.25,120.6667,76.96,83,86,4.88
138,Ponta Do Sol,PT,2022-10-05 20:02:01,32.6667,-17.1,73.0,89,100,5.95
139,Camacha,PT,2022-10-05 20:01:04,33.0833,-16.3333,67.42,68,40,13.8
140,Beringovskiy,RU,2022-10-05 20:02:02,63.05,179.3167,44.19,92,100,27.98
141,Upernavik,GL,2022-10-05 20:02:02,72.7868,-56.1549,19.15,79,56,5.12
142,Pangnirtung,CA,2022-10-05 20:02:03,66.1451,-65.7125,33.8,93,100,0.0
143,Santo Antonio Do Ica,BR,2022-10-05 20:02:04,-3.1022,-67.9397,90.73,51,85,3.42
144,Brae,GB,2022-10-05 20:02:04,60.3964,-1.353,50.07,84,85,33.89
145,Agadir,MA,2022-10-05 20:00:21,30.4202,-9.5982,66.65,69,11,4.45
146,Kant,IN,2022-10-05 20:02:05,27.8,79.8,74.3,87,94,9.46
147,Lata,PT,2022-10-05 20:02:06,40.1629,-8.3327,66.92,82,0,2.17
148,Thompson,CA,2022-10-05 20:00:25,55.7435,-97.8558,37.49,44,100,12.84
149,Nacala,MZ,2022-10-05 20:02:06,-14.5428,40.6728,71.74,85,0,4.18
150,San Pedro,PH,2022-10-05 20:02:07,14.35,121.0167,79.36,86,100,6.2
151,Elban,RU,2022-10-05 20:02:07,50.1018,136.5094,30.7,66,4,4.14
152,Touros,BR,2022-10-05 20:02:08,-5.1989,-35.4608,79.32,79,0,14.58
153,Pringsewu,ID,2022-10-05 20:02:08,-5.3582,104.9744,73.02,96,100,3.06
154,Tuktoyaktuk,CA,2022-10-05 20:02:09,69.4541,-133.0374,32.0,100,100,13.8
155,Nikolskoye,RU,2022-10-05 20:02:09,59.7035,30.7861,46.8,96,90,5.61
156,Hay River,CA,2022-10-05 20:02:10,60.8156,-115.7999,47.14,42,0,10.0
157,Matara,LK,2022-10-05 20:01:53,5.9485,80.5353,76.95,88,100,11.68
158,Puerto Ayora,EC,2022-10-05 20:02:10,-0.7393,-90.3518,69.55,88,76,5.99
159,Ankazobe,MG,2022-10-05 20:02:11,-18.3167,47.1167,61.12,52,0,4.54
160,Natal,BR,2022-10-05 20:02:06,-5.795,-35.2094,81.25,74,75,11.5
161,Pacific Grove,US,2022-10-05 20:02:11,36.6177,-121.9166,78.39,87,75,10.0
162,Kahului,US,2022-10-05 19:59:58,20.8947,-156.47,81.84,83,49,8.01
163,Kokopo,PG,2022-10-05 20:02:12,-4.352,152.2633,77.04,79,100,4.52
164,Inyonga,TZ,2022-10-05 20:02:12,-6.7167,32.0667,72.37,27,96,3.71
165,Geraldton,AU,2022-10-05 20:01:03,-28.7667,114.6,54.01,87,75,8.05
166,Hasaki,JP,2022-10-05 19:57:19,35.7333,140.8333,59.4,80,100,22.75
167,Kakori,IN,2022-10-05 20:02:13,26.8833,80.8,75.15,94,100,4.61
168,Ketchikan,US,2022-10-05 20:02:13,55.3422,-131.6461,56.25,98,100,5.35
169,Wanaka,NZ,2022-10-05 20:02:13,-44.7,169.15,33.08,70,70,4.92
170,Yekaterinovka,RU,2022-10-05 20:02:14,52.0508,44.3451,48.31,73,51,12.68
171,Vao,NC,2022-10-05 20:02:14,-22.6667,167.4833,70.48,56,99,8.68
172,Pevek,RU,2022-10-05 20:02:14,69.7008,170.3133,28.96,81,100,9.51
173,Tadine,NC,2022-10-05 20:02:15,-21.55,167.8833,72.0,58,100,8.72
174,Walvis Bay,NA,2022-10-05 20:02:15,-22.9575,14.5053,55.4,87,0,16.42
175,Lazaro Cardenas,MX,2022-10-05 20:02:15,17.9583,-102.2,84.81,71,6,7.4
176,Ariquemes,BR,2022-10-05 20:00:24,-9.9133,-63.0408,94.66,36,96,2.71
177,Ulladulla,AU,2022-10-05 20:02:16,-35.35,150.4667,56.3,94,100,14.16
178,Fortuna Foothills,US,2022-10-05 20:02:16,32.6578,-114.4119,96.35,34,0,1.01
179,Luanda,AO,2022-10-05 20:00:03,-8.8368,13.2343,74.66,82,32,14.07
180,Kalikino,RU,2022-10-05 20:02:17,52.9493,39.8269,45.5,88,66,8.63
181,Huarmey,PE,2022-10-05 20:02:18,-10.0681,-78.1522,66.72,69,4,13.18
182,Emba,KZ,2022-10-05 20:03:18,48.8264,58.1442,49.95,20,97,8.48
183,Nanortalik,GL,2022-10-05 20:03:18,60.1432,-45.2371,37.9,87,51,13.71
184,Portree,GB,2022-10-05 20:03:19,57.4129,-6.1942,49.51,92,100,20.78
185,Vardo,NO,2022-10-05 20:03:19,70.3705,31.1107,44.58,70,75,18.41
186,Deputatskiy,RU,2022-10-05 20:03:19,69.3,139.9,8.85,93,100,5.86
187,Dabat,ET,2022-10-05 20:03:20,12.9842,37.765,53.31,72,24,4.27
188,Katsuura,JP,2022-10-05 20:03:20,35.1333,140.3,59.02,86,100,24.14
189,Sawakin,SD,2022-10-05 20:03:20,19.1059,37.3321,86.52,51,0,2.68
190,Booue,GA,2022-10-05 20:03:21,-0.0921,11.9385,73.49,97,92,2.13
191,Saint Anthony,US,2022-10-05 20:03:21,45.0205,-93.218,73.45,64,75,10.36
192,Idil,TR,2022-10-05 20:03:22,37.3411,41.8895,71.53,17,0,5.75
193,Kirovskiy,RU,2022-10-05 20:03:22,45.0917,133.5136,30.42,76,3,3.06
194,Rio Gallegos,AR,2022-10-05 20:03:22,-51.6226,-69.2181,55.67,37,95,8.52
195,Naze,JP,2022-10-05 20:03:23,28.3667,129.4833,74.01,76,34,9.51
196,De Aar,ZA,2022-10-05 20:03:23,-30.6497,24.0123,69.51,7,100,6.62
197,Avarua,CK,2022-10-05 19:59:37,-21.2078,-159.775,77.05,69,40,17.27
198,Inuvik,CA,2022-10-05 19:58:40,68.3499,-133.7218,34.56,93,100,6.91
199,Madona,LV,2022-10-05 20:03:24,56.8533,26.217,50.29,93,100,7.63
200,Ribeira Grande,PT,2022-10-05 20:03:24,38.5167,-28.7,70.2,88,75,9.22
201,Aksu,CN,2022-10-05 20:00:27,41.1231,80.2644,57.85,28,87,4.41
202,Strezhevoy,RU,2022-10-05 20:03:24,60.7333,77.5889,37.09,77,100,4.52
203,Bambous Virieux,MU,2022-10-05 20:03:25,-20.3428,57.7575,71.85,73,20,8.05
204,Taoudenni,ML,2022-10-05 20:03:25,22.6783,-3.9836,98.24,10,2,3.8
205,Guymon,US,2022-10-05 20:03:26,36.6828,-101.4816,66.2,72,100,10.36
206,Makokou,GA,2022-10-05 20:03:26,0.5738,12.8642,70.0,98,77,1.1
207,Iquique,CL,2022-10-05 20:01:37,-20.2208,-70.1431,64.04,65,3,11.01
208,Dingle,PH,2022-10-05 20:03:27,10.9995,122.6711,76.57,89,99,6.15
209,Honiara,SB,2022-10-05 19:59:55,-9.4333,159.95,77.83,79,100,5.77
210,Elko,US,2022-10-05 20:00:26,41.0002,-115.5012,73.74,20,0,10.0
211,Ondo,NG,2022-10-05 20:03:27,7.1,4.8333,72.07,98,100,2.98
212,Tulagi,SB,2022-10-05 20:03:28,-9.0996,160.1476,81.95,68,100,9.08
213,Hilo,US,2022-10-05 20:01:05,19.7297,-155.09,86.29,86,19,1.01
214,Muravlenko,RU,2022-10-05 20:03:28,63.7898,74.523,31.96,83,66,0.47
215,Ostrovnoy,RU,2022-10-05 20:03:28,68.0531,39.5131,46.87,90,100,13.18
216,Yeppoon,AU,2022-10-05 20:03:29,-23.1333,150.7333,64.18,75,65,11.77
217,Hithadhoo,MV,2022-10-05 20:03:29,-0.6,73.0833,82.27,74,100,18.43
218,Half Moon Bay,US,2022-10-05 20:01:00,37.4636,-122.4286,83.53,74,100,8.05
219,Poum,NC,2022-10-05 20:03:30,-20.2333,164.0167,72.64,65,47,11.14
220,Sagua De Tanamo,CU,2022-10-05 20:03:30,20.5819,-75.2414,84.7,70,100,7.56
221,Dwarka,IN,2022-10-05 20:03:30,22.2394,68.9678,81.57,70,2,11.72
222,Wisconsin Rapids,US,2022-10-05 20:03:11,44.3836,-89.8174,74.17,57,40,9.22
223,Chapais,CA,2022-10-05 20:03:31,49.7834,-74.8492,55.44,91,100,8.1
224,Codrington,AU,2022-10-05 20:03:31,-38.2667,141.9667,54.86,93,100,11.27
225,Te Anau,NZ,2022-10-05 20:03:32,-45.4167,167.7167,32.7,84,87,0.65
226,Bengkulu,ID,2022-10-05 20:03:32,-3.8004,102.2655,76.1,84,100,3.15
227,Manacapuru,BR,2022-10-05 20:03:32,-3.2997,-60.6206,92.79,43,99,3.22
228,Russell,US,2022-10-05 20:00:44,32.3502,-85.1999,82.96,16,88,7.07
229,Yaan,NG,2022-10-05 20:03:33,7.3833,8.5667,75.54,86,55,3.6
230,Burnie,AU,2022-10-05 20:03:33,-41.0667,145.9167,49.95,67,100,23.09
231,Haifa,IL,2022-10-05 20:00:33,32.8156,34.9892,72.28,82,0,6.71
232,Nome,US,2022-10-05 20:04:34,64.5011,-165.4064,35.67,87,40,5.75
233,Hokitika,NZ,2022-10-05 20:04:34,-42.7167,170.9667,39.45,52,0,3.02
234,Zilupe,LV,2022-10-05 20:04:35,56.3862,28.1217,49.6,95,100,6.6
235,El Alto,PE,2022-10-05 20:04:35,-4.2714,-81.2147,69.46,72,38,18.25
236,Montrose,US,2022-10-05 20:04:35,38.4166,-108.2673,58.41,35,2,6.24
237,Kenai,US,2022-10-05 20:01:12,60.5544,-151.2583,52.03,84,98,14.79
238,Morant Bay,JM,2022-10-05 20:04:36,17.8815,-76.4093,86.7,71,14,10.4
239,Lompoc,US,2022-10-05 20:04:36,34.6391,-120.4579,92.01,70,9,4.0
240,Esperance,AU,2022-10-05 20:04:37,-33.8667,121.9,51.08,77,64,19.04
241,Rizomata,GR,2022-10-05 20:04:37,40.3472,22.2036,53.6,53,6,3.13
242,Amapa,BR,2022-10-05 20:04:37,1.0,-52.0,91.81,39,99,5.75
243,Bara,NG,2022-10-05 20:04:38,10.3744,10.7288,75.04,82,15,3.51
244,Uusikaupunki,FI,2022-10-05 20:04:38,60.8004,21.4084,55.44,94,100,17.11
245,Havoysund,NO,2022-10-05 20:04:38,70.9963,24.6622,44.83,89,100,20.58
246,Olafsvik,IS,2022-10-05 20:04:39,64.8945,-23.7142,44.33,68,100,9.64
247,Kodinsk,RU,2022-10-05 20:04:39,58.6881,99.1844,33.49,99,100,4.47
248,Airai,TL,2022-10-05 20:04:40,-8.9266,125.4092,58.96,79,89,2.28
249,Tornio,FI,2022-10-05 20:04:40,65.8481,24.1466,46.42,96,100,17.25
250,Los Algarrobos,PA,2022-10-05 20:04:40,8.5,-82.4333,81.01,83,40,6.91
251,Kerrville,US,2022-10-05 20:00:04,30.0474,-99.1403,88.56,32,40,6.91
252,Bontang,ID,2022-10-05 20:04:41,0.1333,117.5,76.8,88,100,4.09
253,Emerald,AU,2022-10-05 20:04:41,-23.5333,148.1667,61.34,89,5,8.41
254,Morki,RU,2022-10-05 20:04:41,56.4303,48.9947,46.63,95,91,8.59
255,Fairbanks,US,2022-10-05 20:01:08,64.8378,-147.7164,46.22,81,82,2.35
256,Elliot,ZA,2022-10-05 20:04:42,-31.3333,27.85,61.65,36,72,5.28
257,Zhigansk,RU,2022-10-05 20:04:42,66.7697,123.3711,24.21,93,100,11.74
258,Kutum,SD,2022-10-05 20:04:43,14.2,24.6667,84.09,25,94,9.15
259,Padang,ID,2022-10-05 20:04:43,-0.9492,100.3543,76.93,87,100,4.27
260,Rovinj,HR,2022-10-05 20:04:43,45.08,13.64,59.49,74,100,2.89
261,Soe,ID,2022-10-05 20:04:44,-9.8607,124.284,66.15,91,100,3.53
262,Gravdal,NO,2022-10-05 20:04:44,68.1214,13.5031,48.09,71,20,16.11
263,Azare,NG,2022-10-05 20:04:44,11.6765,10.1948,80.35,56,82,6.24
264,Fare,PF,2022-10-05 20:04:45,-16.7,-151.0167,77.58,73,15,26.19
265,Sitka,US,2022-10-05 20:00:07,57.0531,-135.33,55.63,93,100,4.61
266,Noumea,NC,2022-10-05 20:02:26,-22.2763,166.4572,71.01,99,100,4.72
267,Caracoli,CO,2022-10-05 20:04:45,6.4119,-74.7606,80.83,72,97,3.47
268,Bairiki,KI,2022-10-05 20:04:46,1.3292,172.9752,82.4,74,75,10.36
269,Yulara,AU,2022-10-05 20:01:21,-25.2406,130.9889,65.07,31,0,4.18
270,Sechura,PE,2022-10-05 20:04:46,-5.5569,-80.8222,77.04,51,17,17.25
271,Sandpoint,US,2022-10-05 20:03:12,48.2766,-116.5533,74.86,52,0,3.44
272,Vila Velha,BR,2022-10-05 20:00:32,-20.3297,-40.2925,71.82,91,89,5.5
273,Naryan-Mar,RU,2022-10-05 20:04:47,67.6713,53.087,43.16,97,100,6.46
274,Swindon,GB,2022-10-05 20:01:45,51.558,-1.7812,53.85,80,0,1.99
275,Vredendal,ZA,2022-10-05 20:04:47,-31.6683,18.5012,53.06,90,50,7.07
276,Ovalle,CL,2022-10-05 20:04:48,-30.5983,-71.2003,64.92,51,59,8.97
277,Xining,CN,2022-10-05 20:04:48,36.6167,101.7667,42.71,90,100,3.15
278,La Libertad,EC,2022-10-05 20:05:48,-2.2333,-80.9,73.06,78,75,12.66
279,Tenafly,US,2022-10-05 20:05:49,40.9254,-73.9629,61.84,86,100,11.5
280,Vostok,RU,2022-10-05 20:05:49,46.4856,135.8833,25.93,78,28,5.5
281,Bilma,NE,2022-10-05 20:05:49,18.6853,12.9164,92.05,16,9,8.14
282,Prado,BR,2022-10-05 20:05:50,-17.3411,-39.2208,77.16,76,43,12.82
283,Kommunar,RU,2022-10-05 20:03:15,59.6206,30.39,46.44,95,100,6.93
284,Atasu,KZ,2022-10-05 20:05:50,48.6814,71.6433,46.33,36,31,7.47
285,San Patricio,US,2022-10-05 20:05:50,28.017,-97.5169,89.55,33,48,8.77
286,Venice,US,2022-10-05 20:03:23,27.0998,-82.4543,86.27,68,11,7.0
287,Claresholm,CA,2022-10-05 20:00:51,50.0333,-113.5852,64.92,38,11,5.95
288,Mezen,RU,2022-10-05 20:05:51,65.8522,44.24,45.64,93,100,4.34
289,Namatanai,PG,2022-10-05 20:05:51,-3.6667,152.4333,79.47,82,100,8.34
290,Americus,US,2022-10-05 20:01:22,32.0724,-84.2327,80.19,16,57,8.77
291,Omboue,GA,2022-10-05 20:05:52,-1.5746,9.2618,76.42,85,55,8.43
292,Svetlogorsk,BY,2022-10-05 20:05:52,52.6333,29.7333,50.22,88,100,9.24
293,Kavieng,PG,2022-10-05 20:01:13,-2.5744,150.7967,81.93,77,100,13.22
294,Puerto Varas,CL,2022-10-05 20:05:53,-41.3195,-72.9854,50.22,81,100,14.97
295,Lagoa,PT,2022-10-05 20:03:36,39.05,-27.9833,69.01,84,100,20.71
296,Brownwood,US,2022-10-05 20:05:53,31.7093,-98.9912,93.2,29,1,6.73
297,Dikson,RU,2022-10-05 20:05:54,73.5069,80.5464,30.49,76,92,6.55
298,Mehamn,NO,2022-10-05 20:05:54,71.0357,27.8492,42.75,75,0,19.57
299,Gunjur,GM,2022-10-05 20:05:55,13.2019,-16.7339,82.17,81,26,9.91
300,Fortuna,US,2022-10-05 20:05:55,40.5982,-124.1573,69.93,72,7,6.98
301,Canavieiras,BR,2022-10-05 20:05:55,-15.675,-38.9472,77.34,74,3,8.93
302,Shenzhen,CN,2022-10-05 20:02:12,22.5455,114.0683,83.21,88,30,8.43
303,Ocean City,US,2022-10-05 20:05:56,39.2776,-74.5746,61.05,88,100,8.01
304,Portland,US,2022-10-05 20:05:23,45.5234,-122.6762,66.24,77,100,6.91
305,Lorengau,PG,2022-10-05 20:05:56,-2.0226,147.2712,82.29,74,41,11.52
306,Mocuba,MZ,2022-10-05 20:05:57,-16.8392,36.9856,75.04,65,0,6.76
307,Tutoia,BR,2022-10-05 20:05:57,-2.7619,-42.2744,80.64,76,83,14.5
308,Laguna,US,2022-10-05 20:01:03,38.421,-121.4238,90.09,43,0,5.75
309,Balkhash,KZ,2022-10-05 20:05:58,46.844,74.9804,45.64,33,0,14.54
310,Necochea,AR,2022-10-05 20:05:58,-38.5473,-58.7368,60.48,66,100,5.7
311,Okhotsk,RU,2022-10-05 20:05:58,59.3833,143.3,29.37,55,100,9.15
312,Bandarbeyla,SO,2022-10-05 20:05:59,9.4942,50.8122,77.41,83,72,18.01
313,Chipata,ZM,2022-10-05 20:05:59,-13.6333,32.65,70.18,26,5,5.21
314,Shimoda,JP,2022-10-05 20:05:59,34.6667,138.95,58.1,91,100,19.26
315,Kota Kinabalu,MY,2022-10-05 20:04:57,5.9749,116.0724,76.98,88,20,3.44
316,Garden City,US,2022-10-05 20:01:17,42.3256,-83.331,79.88,41,57,1.01
317,Sri Aman,MY,2022-10-05 20:06:00,1.2376,111.4621,73.51,100,100,0.69
318,Shingu,JP,2022-10-05 20:06:00,33.7333,135.9833,63.82,79,100,4.74
319,Georgiyevka,KZ,2022-10-05 20:06:01,43.0369,74.7114,46.44,71,20,4.47
320,Sehore,IN,2022-10-05 20:06:01,23.2,77.0833,72.41,95,86,5.61
321,Havre-Saint-Pierre,CA,2022-10-05 20:06:02,50.2334,-63.5986,51.69,85,100,8.19
322,Vasvar,HU,2022-10-05 20:06:02,47.0493,16.7995,53.17,79,100,7.4
323,Kivsharivka,UA,2022-10-05 20:06:03,49.6213,37.7036,47.21,84,53,7.72
324,Shiraz,IR,2022-10-05 20:06:03,29.6036,52.5388,62.04,29,0,0.0
325,Praia Da Vitoria,PT,2022-10-05 20:06:04,38.7333,-27.0667,67.75,96,98,17.02
326,Matay,EG,2022-10-05 20:06:04,28.419,30.7792,79.25,42,0,16.44
327,Sobolevo,RU,2022-10-05 20:06:04,54.4299,31.8996,45.23,97,100,9.22
328,Ugoofaaru,MV,2022-10-05 20:07:05,5.6667,73.0,81.5,78,100,18.72
329,Eyl,SO,2022-10-05 20:07:05,7.9803,49.8164,77.68,82,99,16.4
330,Rudbar,AF,2022-10-05 20:07:06,30.15,62.6,72.12,16,0,13.09
331,Krasnyy Chikoy,RU,2022-10-05 20:07:06,50.3643,108.7512,23.07,83,7,2.13
332,Snezhnogorsk,RU,2022-10-05 20:07:07,69.1933,33.2531,40.78,92,58,9.66
333,Torbay,CA,2022-10-05 20:05:35,47.6666,-52.7314,62.76,55,5,4.0
334,Chokurdakh,RU,2022-10-05 20:07:07,70.6333,147.9167,16.18,97,96,5.61
335,Diban,SY,2022-10-05 20:07:08,35.0365,40.5167,86.5,28,0,7.99
336,Gornopravdinsk,RU,2022-10-05 20:07:08,60.05,69.9,43.47,96,100,6.08
337,Sabang,ID,2022-10-05 20:03:36,5.8933,95.3214,78.78,83,100,15.73
338,Maldonado,UY,2022-10-05 20:07:09,-34.6667,-54.9167,70.23,61,58,14.63
339,Saint-Augustin,CA,2022-10-05 20:07:09,51.226,-58.6502,58.14,66,25,12.01
340,Teberda,RU,2022-10-05 20:07:09,43.4456,41.7448,54.45,98,100,2.33
341,Pitimbu,BR,2022-10-05 20:07:10,-7.4706,-34.8086,79.39,79,0,11.32
342,Sao Joao Da Barra,BR,2022-10-05 20:07:10,-21.6403,-41.0511,75.29,85,73,11.1
343,Cabo San Lucas,MX,2022-10-05 20:03:19,22.8909,-109.9124,91.62,57,6,4.18
344,Manzhouli,CN,2022-10-05 20:07:11,49.6,117.4333,25.88,57,54,5.5
345,Kilindoni,TZ,2022-10-05 20:07:11,-7.9139,39.6668,76.3,75,24,15.08
346,Tautira,PF,2022-10-05 20:07:12,-17.7333,-149.15,76.42,72,18,24.14
347,Bani,DO,2022-10-05 20:05:39,18.2833,-70.3333,83.86,67,65,11.79
348,Bonthe,SL,2022-10-05 20:07:13,7.5264,-12.505,78.26,86,100,6.29
349,Saint-Philippe,RE,2022-10-05 20:07:13,-21.3585,55.7679,69.39,79,53,10.0
350,Eureka,US,2022-10-05 20:04:48,40.8021,-124.1637,76.68,73,14,1.99
351,Reconquista,AR,2022-10-05 20:07:13,-29.15,-59.65,73.38,61,100,11.01
352,San Juan Bautista,PE,2022-10-05 20:07:14,-14.0108,-75.7358,83.53,26,0,6.42
353,Werda,BW,2022-10-05 20:07:14,-25.2667,23.2833,81.5,14,0,10.54
354,Gizo,SB,2022-10-05 20:07:15,-8.103,156.8419,81.73,75,67,7.85
355,Sur,OM,2022-10-05 20:03:41,22.5667,59.5289,81.63,60,1,9.57
356,Pontianak,ID,2022-10-05 20:07:15,-0.0333,109.3333,75.18,100,75,2.3
357,La Ronge,CA,2022-10-05 20:07:16,55.1001,-105.2842,42.15,38,0,8.75
358,Pochutla,MX,2022-10-05 20:07:16,15.7432,-96.4661,88.83,62,45,6.44
359,Iki-Burul,RU,2022-10-05 20:07:16,45.8208,44.6472,58.1,75,100,7.43
360,Weatherford,US,2022-10-05 20:06:02,32.7593,-97.7972,88.66,28,0,6.11
361,Itarema,BR,2022-10-05 20:07:17,-2.9248,-39.9167,80.46,74,44,18.16
362,Faanui,PF,2022-10-05 20:07:17,-16.4833,-151.75,77.59,75,40,26.31
363,Ust-Koksa,RU,2022-10-05 20:07:18,50.2696,85.6108,35.29,63,92,1.63
364,General Pico,AR,2022-10-05 20:07:18,-35.6566,-63.7568,53.46,82,100,5.41
365,Vestmannaeyjar,IS,2022-10-05 20:07:19,63.4427,-20.2734,45.86,70,82,18.84
366,Boden,SE,2022-10-05 20:07:20,65.8252,21.6886,48.2,98,100,4.92
367,Honningsvag,NO,2022-10-05 20:07:20,70.9821,25.9704,44.35,76,100,18.41
368,Nyurba,RU,2022-10-05 20:07:21,63.2842,118.3319,29.98,96,100,9.26
369,Ruteng,ID,2022-10-05 20:07:21,-8.6136,120.4721,63.07,93,100,1.48
370,Kolpashevo,RU,2022-10-05 20:07:22,58.3131,82.9089,38.3,87,100,4.61
371,Chaihe,CN,2022-10-05 20:07:22,44.7667,129.7,28.62,69,0,4.03
372,Petropavlovsk-Kamchatskiy,RU,2022-10-05 20:04:48,53.0452,158.6483,32.59,93,75,2.24
373,Pisco,PE,2022-10-05 20:08:23,-13.7,-76.2167,68.05,60,0,11.5
374,Peachland,CA,2022-10-05 20:08:23,49.7665,-119.7357,81.9,26,33,2.24
375,Tongchuan,CN,2022-10-05 20:08:23,35.0806,109.0897,43.74,93,100,3.04
376,Rundu,NA,2022-10-05 20:08:24,-17.9333,19.7667,76.5,14,0,7.0
377,Klyuchevskiy,RU,2022-10-05 20:08:24,53.5317,119.4519,20.66,65,19,3.51
378,Bordei Verde,RO,2022-10-05 20:08:24,45.0833,27.5667,57.33,47,100,7.0
379,Valentin Gomez Farias,MX,2022-10-05 20:08:25,28.2167,-106.5833,73.29,37,8,9.22
380,Holme,DK,2022-10-05 20:08:25,56.1138,10.1725,60.37,89,100,23.69
381,Atambua,ID,2022-10-05 20:08:26,-9.1061,124.8925,73.78,85,84,3.74
382,Izmir,TR,2022-10-05 20:08:26,38.4622,27.0923,65.71,52,0,21.85
383,Mayor Pablo Lagerenza,PY,2022-10-05 20:08:26,-19.9309,-60.7718,105.84,20,20,16.42
384,Myanaung,MM,2022-10-05 20:08:27,18.2833,95.3167,76.59,88,97,1.45
385,Ballina,AU,2022-10-05 20:08:27,-28.8667,153.5667,60.01,99,100,3.11
386,Durazno,UY,2022-10-05 20:08:26,-33.4131,-56.5006,71.37,52,29,12.59
387,Asau,RO,2022-10-05 20:08:28,46.4333,26.4,51.28,79,96,6.08
388,Oktyabrskiy,RU,2022-10-05 20:08:28,54.4815,53.471,46.4,79,100,10.2
389,Khani,GE,2022-10-05 20:08:28,41.9563,42.9566,54.97,98,100,2.48
390,Nenton,GT,2022-10-05 20:08:29,15.8,-91.75,80.49,59,12,3.8
391,Kahone,SN,2022-10-05 20:08:29,14.15,-16.0333,83.84,63,84,10.63
392,Sosnogorsk,RU,2022-10-05 20:08:30,63.6023,53.8817,42.84,91,100,6.33
393,Artesia,US,2022-10-05 20:08:30,33.8658,-118.0831,92.73,68,0,8.05
394,Srednekolymsk,RU,2022-10-05 20:08:30,67.45,153.6833,20.53,88,100,23.2
395,Primorsko-Akhtarsk,RU,2022-10-05 20:08:31,46.0497,38.1747,59.09,63,0,7.78
396,Darlawn,IN,2022-10-05 20:08:31,24.0167,92.9,66.27,99,99,1.92
397,Sungairaya,ID,2022-10-05 20:08:31,0.7,108.9,76.05,90,100,3.47
398,Narsaq,GL,2022-10-05 20:08:32,60.9167,-46.05,39.42,90,100,11.92
399,South Venice,US,2022-10-05 20:08:32,27.0531,-82.4243,87.28,68,20,10.54
400,Erenhot,CN,2022-10-05 20:08:33,43.6475,111.9767,40.53,22,100,6.04
401,Doha,QA,2022-10-05 20:07:11,25.2867,51.5333,91.38,43,0,6.91
402,Tiksi,RU,2022-10-05 20:08:33,71.6872,128.8694,23.16,78,96,19.26
403,Kerema,PG,2022-10-05 20:08:33,-7.9631,145.7785,78.03,87,100,3.36
404,Yerbogachen,RU,2022-10-05 20:08:34,61.2767,108.0108,26.76,83,82,4.61
405,Hammerfest,NO,2022-10-05 20:08:34,70.6634,23.6821,45.05,76,75,3.44
406,Agadez,NE,2022-10-05 20:08:34,19.75,10.25,87.46,16,5,10.2
407,Port Shepstone,ZA,2022-10-05 20:08:35,-30.7414,30.455,68.27,93,17,8.75
408,Wamba,NG,2022-10-05 20:06:41,8.9333,8.6,73.2,89,35,2.66
409,Kurtamysh,RU,2022-10-05 20:08:35,54.9103,64.4319,48.22,33,100,9.89
410,Kingaroy,AU,2022-10-05 20:08:36,-26.5333,151.8333,56.39,90,86,4.72
411,Kasama,ZM,2022-10-05 20:08:36,-10.2129,31.1808,70.7,23,8,8.9
412,Hofn,IS,2022-10-05 20:08:36,64.2539,-15.2082,43.86,58,6,12.77
413,Santiago Del Estero,AR,2022-10-05 20:08:37,-27.7951,-64.2615,72.64,47,61,21.88
414,Bonavista,CA,2022-10-05 20:08:37,48.6499,-53.1147,59.32,65,10,9.24
415,Poddorye,RU,2022-10-05 20:08:37,57.4695,31.1156,46.71,97,100,6.24
416,Sergeyevka,KZ,2022-10-05 20:08:38,53.88,67.4158,46.69,31,100,8.03
417,Kulhudhuffushi,MV,2022-10-05 20:09:38,6.6221,73.07,80.82,80,100,17.56
418,Hailey,US,2022-10-05 20:09:39,43.5196,-114.3153,75.88,30,0,9.22
419,Juruti,BR,2022-10-05 20:09:39,-2.1522,-56.0922,98.33,30,90,7.27
420,Thinadhoo,MV,2022-10-05 20:09:39,0.5333,72.9333,81.95,76,100,17.4
421,Russkiy,RU,2022-10-05 20:09:40,43.0147,131.8642,28.26,52,0,11.59
422,Beipiao,CN,2022-10-05 20:09:40,41.7919,120.7792,40.48,28,100,4.18
423,Mucurapo,TT,2022-10-05 20:09:40,10.6667,-61.5333,78.03,97,100,11.95
424,Ndele,CF,2022-10-05 20:09:41,8.4109,20.6473,71.47,94,100,2.28
425,Matagami,CA,2022-10-05 20:07:31,49.7502,-77.6328,59.0,88,100,10.92
426,Nalut,LY,2022-10-05 20:09:41,30.3333,10.85,75.81,32,0,13.42
427,Hirado,JP,2022-10-05 20:09:42,33.3597,129.5531,64.38,73,100,14.25
428,Tual,ID,2022-10-05 20:09:42,-5.6667,132.75,82.8,75,100,7.56
429,Breves,BR,2022-10-05 20:09:42,-1.6822,-50.4803,93.6,39,42,7.14
430,Arroyo,ES,2022-10-05 20:09:43,41.6096,-4.7969,67.14,39,0,8.05
431,Port Blair,IN,2022-10-05 20:09:43,11.6667,92.75,80.19,83,100,13.29
432,Taikang,CN,2022-10-05 20:09:43,46.8333,124.4167,33.82,37,1,8.3
433,Anadyr,RU,2022-10-05 20:09:44,64.75,177.4833,42.49,93,97,35.01
434,Qaqortoq,GL,2022-10-05 20:09:44,60.7167,-46.0333,37.49,87,100,14.56
435,Ratnagiri,IN,2022-10-05 20:09:44,16.9833,73.3,79.11,88,100,6.76
436,Grindavik,IS,2022-10-05 20:08:43,63.8424,-22.4338,43.27,81,75,8.05
437,Manzanillo,CU,2022-10-05 20:09:45,20.3433,-77.1167,87.1,64,49,5.44
438,Jalu,LY,2022-10-05 20:09:45,29.0331,21.5482,78.66,38,1,8.59
439,Tubuala,PA,2022-10-05 20:09:46,9.5167,-79.0333,83.53,73,100,7.63
440,Constitucion,CL,2022-10-05 20:09:46,-35.3333,-72.4167,57.38,70,2,13.31
441,Helena,US,2022-10-05 20:08:10,46.5927,-112.0361,70.25,56,0,4.0
442,Carutapera,BR,2022-10-05 20:09:46,-1.195,-46.02,83.43,68,17,11.3
443,Henties Bay,NA,2022-10-05 20:09:47,-22.116,14.2845,54.79,93,5,9.48
444,Kavaratti,IN,2022-10-05 20:09:47,10.5669,72.642,81.19,79,78,15.39
445,Dillon,US,2022-10-05 20:09:48,34.4166,-79.3712,78.26,43,0,8.08
446,Coxim,BR,2022-10-05 20:09:48,-18.5067,-54.76,94.23,35,83,6.85
447,Los Llanos De Aridane,ES,2022-10-05 20:09:48,28.6585,-17.9182,73.13,87,0,12.66
448,Trinidad,BO,2022-10-05 20:09:49,-14.8333,-64.9,91.38,52,40,11.5
449,Isangel,VU,2022-10-05 20:07:48,-19.55,169.2667,73.96,72,29,9.95
450,Iqaluit,CA,2022-10-05 20:09:49,63.7506,-68.5145,33.53,100,100,8.05
451,Ornskoldsvik,SE,2022-10-05 20:09:49,63.2909,18.7153,50.95,100,100,10.36
452,Dori,BF,2022-10-05 20:09:50,14.0354,-0.0345,89.51,38,100,13.58
453,Ituporanga,BR,2022-10-05 20:09:50,-27.4144,-49.6025,70.25,70,88,4.0
454,Hami,CN,2022-10-05 20:09:50,42.8,93.45,52.74,46,0,4.97
455,Harper,LR,2022-10-05 20:09:51,4.375,-7.7169,76.57,90,97,7.31
456,Hovd,MN,2022-10-05 20:09:51,48.0056,91.6419,36.23,34,44,4.83
457,Mitsamiouli,KM,2022-10-05 20:09:52,-11.3847,43.2844,75.24,78,3,4.25
458,Roald,NO,2022-10-05 20:09:52,62.5833,6.1333,51.75,81,0,19.57
459,Guaraniacu,BR,2022-10-05 20:09:52,-25.1008,-52.8781,65.19,97,100,2.04
460,Havelock,US,2022-10-05 20:09:53,34.8791,-76.9013,71.98,61,75,11.5
461,Osias,PH,2022-10-05 20:09:53,7.6,124.8167,72.72,88,96,2.04
462,Coquimbo,CL,2022-10-05 20:09:53,-29.9533,-71.3436,64.13,59,20,12.66
463,Saint-Georges,GD,2022-10-05 20:09:54,12.0564,-61.7485,78.31,85,100,19.22
464,Oranjestad,AW,2022-10-05 20:09:54,12.524,-70.027,87.91,73,40,11.5
465,Inhambane,MZ,2022-10-05 20:10:54,-23.865,35.3833,72.75,88,0,11.61
466,Segezha,RU,2022-10-05 20:10:55,63.7415,34.3222,45.64,90,99,10.76
467,Ottumwa,US,2022-10-05 20:10:55,41.02,-92.4113,73.94,52,75,3.44
468,Pyapon,MM,2022-10-05 20:10:56,16.2833,95.6833,76.86,86,100,2.06
469,Sept-Iles,CA,2022-10-05 20:10:33,50.2001,-66.3821,52.05,85,100,1.01
470,Sebaste,PH,2022-10-05 20:10:56,11.5901,122.0945,78.13,88,99,7.31
471,Providencia,MX,2022-10-05 20:10:57,28.7167,-111.5833,94.21,43,0,7.78
472,Bhiwani,IN,2022-10-05 20:10:57,28.7833,76.1333,80.19,58,0,7.58
473,Fort Nelson,CA,2022-10-05 20:10:58,58.8053,-122.7002,54.23,46,85,3.58
474,Gambela,ET,2022-10-05 20:10:58,8.25,34.5833,70.16,91,100,2.73
475,Suntar,RU,2022-10-05 20:10:59,62.1444,117.6319,31.44,80,100,11.61
476,Sabzevar,IR,2022-10-05 20:10:59,36.2126,57.6819,65.28,20,0,11.56
477,Husavik,IS,2022-10-05 20:11:00,66.0449,-17.3389,36.7,97,100,39.35
478,Salina,US,2022-10-05 20:10:38,38.8403,-97.6114,80.02,38,0,12.66
479,Shache,CN,2022-10-05 20:11:00,38.4167,77.2406,67.71,29,100,5.19
480,Sembe,CG,2022-10-05 20:11:01,1.6481,14.5806,70.3,96,93,2.48
481,Bathsheba,BB,2022-10-05 20:11:01,13.2167,-59.5167,79.41,83,75,18.41
482,Dunedin,NZ,2022-10-05 20:06:58,-45.8742,170.5036,36.86,82,100,19.1
483,Tobias Barreto,BR,2022-10-05 20:10:29,-11.1839,-37.9983,83.01,50,6,15.1
484,Rancharia,BR,2022-10-05 20:11:02,-22.2292,-50.8931,88.59,40,5,4.0
485,Alofi,NU,2022-10-05 20:11:02,-19.0595,-169.9187,80.49,74,40,11.5
486,Anloga,GH,2022-10-05 20:11:03,5.7947,0.8973,78.17,88,7,11.45
487,Dasoguz,TM,2022-10-05 20:11:04,41.8363,59.9666,55.89,18,0,11.74
488,Kumbo,CM,2022-10-05 20:11:05,6.2,10.6667,59.31,94,99,1.28
489,Grand Gaube,MU,2022-10-05 20:11:05,-20.0064,57.6608,72.0,71,69,4.0
490,Puerto Del Rosario,ES,2022-10-05 20:11:05,28.5004,-13.8627,74.95,78,0,12.66
491,Key West,US,2022-10-05 20:11:06,24.5557,-81.7826,89.6,69,100,13.8
492,Boa Vista,BR,2022-10-05 20:09:42,2.8197,-60.6733,89.58,48,75,5.75
493,Karasburg,NA,2022-10-05 20:11:07,-28.0167,18.75,67.24,17,58,8.16
494,Fort Wellington,GY,2022-10-05 20:11:08,6.4,-57.6,83.17,72,93,10.36
495,Slave Lake,CA,2022-10-05 20:11:09,55.2834,-114.769,44.58,76,100,14.97
496,Krasnoselkup,RU,2022-10-05 20:11:09,65.7,82.4667,32.85,94,100,9.1
497,Kusti,SD,2022-10-05 20:11:09,13.1629,32.6635,77.7,67,100,12.33
498,Bumba,CD,2022-10-05 20:11:10,2.1833,22.4667,70.61,98,100,2.68
499,Makakilo City,US,2022-10-05 20:11:10,21.3469,-158.0858,82.72,63,40,10.36
500,Houma,US,2022-10-05 20:11:11,29.5958,-90.7195,84.99,53,75,8.05
501,Cap Malheureux,MU,2022-10-05 20:11:11,-19.9842,57.6142,70.47,71,62,4.0
502,Blackwater,AU,2022-10-05 20:11:12,-23.5833,148.8833,63.01,89,30,8.43
503,Bambanglipuro,ID,2022-10-05 20:11:12,-7.95,110.2833,76.17,85,100,8.88
504,Kruisfontein,ZA,2022-10-05 20:11:03,-34.0033,24.7314,55.89,83,76,4.97
505,Viedma,AR,2022-10-05 20:10:28,-40.8135,-62.9967,73.51,24,19,15.3
506,Treinta Y Tres,UY,2022-10-05 20:11:13,-33.2333,-54.3833,67.03,62,54,13.96
507,Mangrol,IN,2022-10-05 20:11:14,21.1167,70.1167,80.33,75,16,11.59
508,Puerto Ayacucho,VE,2022-10-05 20:11:14,5.6639,-67.6236,82.06,84,100,4.56
509,Palmas De Monte Alto,BR,2022-10-05 20:11:15,-14.2672,-43.1619,92.39,23,18,8.72
510,Dandong,CN,2022-10-05 20:09:17,40.1292,124.3947,38.61,61,94,7.78
511,Aleksandrov Gay,RU,2022-10-05 20:11:15,50.147,48.5704,58.28,85,100,6.69
512,Shihezi,CN,2022-10-05 20:11:15,44.3,86.0333,52.5,33,0,2.55
513,Artyom,AZ,2022-10-05 20:11:16,40.4723,50.333,68.14,81,0,18.32
514,San Carlos De Bariloche,AR,2022-10-05 20:12:16,-41.1456,-71.3082,54.01,50,75,25.32
515,Hudson Bay,CA,2022-10-05 20:12:17,52.85,-102.3842,46.2,43,44,12.24
516,Saint-Leu,RE,2022-10-05 20:12:17,-21.15,55.2833,68.86,77,50,2.73
517,Alice Springs,AU,2022-10-05 20:12:18,-23.7,133.8833,60.35,77,0,0.0
518,Marzuq,YE,2022-10-05 20:07:24,14.4,46.4667,75.4,55,58,3.87
519,Comodoro Rivadavia,AR,2022-10-05 20:08:05,-45.8667,-67.5,62.46,29,0,14.97
520,Allapalli,IN,2022-10-05 20:12:19,19.4167,80.0667,73.89,99,71,2.06
521,Abu Dhabi,AE,2022-10-05 20:12:19,24.4667,54.3667,86.97,83,0,8.7
522,Port Hardy,CA,2022-10-05 20:12:20,50.6996,-127.4199,61.86,83,100,2.53
523,Morondava,MG,2022-10-05 20:12:20,-20.2833,44.2833,75.36,83,0,5.17
524,Tulun,RU,2022-10-05 20:12:20,54.5611,100.5792,32.25,97,100,3.0
525,Fredericksburg,US,2022-10-05 20:09:35,38.3032,-77.4605,70.61,64,100,13.8
526,Aitape,PG,2022-10-05 20:12:21,-3.1374,142.3475,78.28,87,100,7.16
527,Adrar,MR,2022-10-05 20:12:21,20.5022,-10.0711,95.9,12,7,10.92
528,Berdigestyakh,RU,2022-10-05 20:12:22,62.0989,126.6992,25.7,96,100,5.39
529,Garowe,SO,2022-10-05 20:12:22,8.4054,48.4845,81.16,56,99,15.64
530,Lubango,AO,2022-10-05 20:12:23,-14.9172,13.4925,62.49,66,12,5.37
531,Dodoma,TZ,2022-10-05 20:12:23,-6.1722,35.7395,70.0,48,10,13.35
532,Porec,HR,2022-10-05 20:12:24,45.2258,13.5939,59.65,75,100,2.84
533,Haines Junction,CA,2022-10-05 20:12:24,60.7522,-137.5108,47.93,79,100,1.7
534,Kolokani,ML,2022-10-05 20:12:25,13.5728,-8.0339,78.22,68,42,9.95
535,Manado,ID,2022-10-05 20:12:25,1.487,124.8455,77.77,94,40,2.3
536,Karratha,AU,2022-10-05 20:12:25,-20.7377,116.8463,72.41,34,18,13.87
537,Port-Cartier,CA,2022-10-05 20:12:26,50.0334,-66.8654,51.75,85,100,2.46
538,Alakurtti,RU,2022-10-05 20:12:26,66.9672,30.3491,41.85,97,100,3.71
539,San Rafael,AR,2022-10-05 20:10:00,-34.6177,-68.3301,66.2,29,66,11.03
540,Iranshahr,IR,2022-10-05 20:12:27,27.2025,60.6848,82.33,15,0,5.97
541,Omsukchan,RU,2022-10-05 20:12:27,62.5333,155.8,11.48,95,100,6.13
542,Port Lincoln,AU,2022-10-05 20:12:27,-34.7333,135.8667,54.03,91,3,7.94
543,Irtyshskiy,RU,2022-10-05 20:12:28,58.3333,68.1333,46.72,67,100,5.95
544,Okha,RU,2022-10-05 20:12:28,53.5739,142.9478,33.67,73,100,19.22
545,Rathdrum,US,2022-10-05 20:12:29,47.8137,-116.892,74.97,45,0,0.0
546,Bereda,ES,2022-10-05 20:12:29,43.2686,-7.5406,62.42,100,100,6.44
547,Finnsnes,NO,2022-10-05 20:12:29,69.2296,17.9811,46.76,94,100,7.2
548,Iskateley,RU,2022-10-05 20:12:30,67.6803,53.1512,43.05,97,100,6.49
549,Santa Teresa,VE,2022-10-05 20:12:30,10.2341,-66.6631,85.91,75,94,4.18
550,Atar,MR,2022-10-05 20:11:31,20.5169,-13.0499,98.11,13,24,14.25
551,Nguruka,TZ,2022-10-05 20:10:24,-5.1092,31.0419,75.83,28,52,0.81
552,Biloela,AU,2022-10-05 20:12:31,-24.4167,150.5,59.41,86,6,3.96
553,Romny,UA,2022-10-05 20:12:31,50.751,33.4747,48.74,87,100,7.49
554,Srandakan,ID,2022-10-05 20:12:31,-7.9386,110.2506,76.33,85,100,8.77
555,Santa Cruz,BO,2022-10-05 20:12:24,-17.8,-63.1667,89.65,51,40,28.77
556,Kuching,MY,2022-10-05 20:12:32,1.55,110.3333,77.22,94,20,3.44
557,Gold Coast,AU,2022-10-05 20:12:00,-28.0,153.4333,64.0,92,75,6.91
558,Khandagayty,RU,2022-10-05 20:13:32,50.7333,92.05,36.1,42,100,0.51
559,Tigil,RU,2022-10-05 20:13:33,57.8,158.6667,34.25,71,79,24.87
560,Auki,SB,2022-10-05 20:13:33,-8.7676,160.7034,76.93,77,100,4.27
561,Ranong,TH,2022-10-05 20:13:34,9.9658,98.6348,77.61,91,100,3.71
562,Serenje,ZM,2022-10-05 20:13:34,-13.2325,30.2352,70.99,21,30,9.98
563,Pierre,US,2022-10-05 20:13:34,44.3683,-100.351,73.85,57,0,12.66
564,Andenes,NO,2022-10-05 20:13:35,69.3143,16.1194,45.93,80,40,12.66
565,Melito Di Porto Salvo,IT,2022-10-05 20:13:35,37.9222,15.7714,67.95,72,9,2.3
566,West Lafayette,US,2022-10-05 20:13:34,40.4259,-86.9081,77.22,25,0,4.61
567,Puerto Escondido,MX,2022-10-05 20:13:36,15.85,-97.0667,86.83,58,20,6.91
568,Sao Filipe,CV,2022-10-05 20:12:49,14.8961,-24.4956,79.45,80,50,6.76
569,Muncar,ID,2022-10-05 20:13:36,-8.4333,114.3333,76.46,89,100,6.11
570,Yamada,JP,2022-10-05 20:13:37,39.4667,141.95,48.0,72,53,6.2
571,Balabac,PH,2022-10-05 20:13:37,7.9868,117.0645,81.48,79,90,5.61
572,Nantucket,US,2022-10-05 20:11:03,41.2835,-70.0995,62.71,98,100,14.97
573,Lubao,PH,2022-10-05 20:13:37,14.9167,120.55,82.11,89,85,4.56
574,Viransehir,TR,2022-10-05 20:13:38,37.2353,39.7631,78.75,30,100,6.62
575,Vila,PT,2022-10-05 20:13:38,42.0304,-8.1588,57.7,80,44,5.3
576,Huntington,US,2022-10-05 20:13:07,38.4193,-82.4452,74.88,36,0,5.99
577,Laje,BR,2022-10-05 20:13:39,-10.1833,-40.9667,90.79,18,14,11.43
578,Paamiut,GL,2022-10-05 20:13:39,61.994,-49.6678,36.68,93,100,9.64
579,Kirakira,SB,2022-10-05 20:13:39,-10.4544,161.9205,80.53,78,100,6.04
580,Kaohsiung,TW,2022-10-05 20:11:54,22.6163,120.3133,82.04,85,3,1.01
581,Storforshei,NO,2022-10-05 20:13:40,66.4043,14.5233,47.98,76,100,13.8
582,Copacele,RO,2022-10-05 20:13:40,45.5,22.1,50.27,78,100,3.87
583,Namibe,AO,2022-10-05 20:13:41,-15.1961,12.1522,64.51,84,76,1.83
584,Mago,RU,2022-10-05 20:13:41,53.2514,140.1822,28.54,60,83,7.38
585,Matamoros,MX,2022-10-05 20:13:41,25.5333,-103.25,77.11,53,40,0.0
586,Nuuk,GL,2022-10-05 20:12:07,64.1835,-51.7216,38.01,87,75,1.14
587,Teresina,BR,2022-10-05 20:10:11,-5.0892,-42.8019,98.31,28,0,4.61
588,Kanye,BW,2022-10-05 20:13:42,-24.9667,25.3327,76.24,29,3,12.71
589,Kampot,KH,2022-10-05 20:13:42,10.6167,104.1833,77.05,86,100,5.57
590,Ortega,CO,2022-10-05 20:13:43,3.9361,-75.2217,88.63,52,37,3.67
591,Alyangula,AU,2022-10-05 20:13:43,-13.8483,136.4192,78.51,78,30,7.38
592,Voh,NC,2022-10-05 20:13:43,-20.9667,164.7,69.26,70,65,3.38
593,Shenjiamen,CN,2022-10-05 20:13:44,29.9576,122.298,66.4,76,100,15.19
594,Clearwater,US,2022-10-05 20:13:44,27.9659,-82.8001,84.9,60,0,11.99
595,Gillette,US,2022-10-05 20:13:45,44.2911,-105.5022,71.11,31,0,6.91
596,Mount Pleasant,US,2022-10-05 20:13:45,32.7941,-79.8626,78.31,41,0,10.36
597,Denpasar,ID,2022-10-05 20:13:45,-8.65,115.2167,78.46,88,40,2.3
598,Gisborne,NZ,2022-10-05 20:13:46,-38.6533,178.0042,41.9,92,80,10.07
599,Antalaha,MG,2022-10-05 20:13:46,-14.9003,50.2788,67.75,87,1,6.76
600,Naujamiestis,LT,2022-10-05 20:13:46,55.6869,24.1523,51.8,83,100,9.66
